,symbol_name
0,$ads
1,$anrx
2,$based
3,$dosa
4,$hrimp
5,$king
6,$mecha
7,$na
8,$rope
9,$weapon
10,00
11,0xbtc
12,0xmr
13,10set
14,1337
15,1earth
16,1inch
17,1sol
18,1wo
19,2key
20,3crv
21,3oh
22,777
23,888
24,aaa
25,aac
26,aag
27,aapx
28,aave
29,abc
30,abl
31,abpt
32,abr
33,abs
34,abst
35,abt
36,abx
37,abyss
38,ac
39,acar
40,acdc
41,ace
42,ach
43,acre
44,actp
45,acx
46,acxt
47,ad
48,adal
49,adao
50,adb
51,adc
52,add
53,adel
54,adi
55,adp
56,adt
57,adx
58,ae
59,aens
60,aergo
61,aet
62,aeth
63,aeur
64,afc
65,agix
66,agl
67,agld
68,agn
69,agri
70,agt
71,agv
72,ai
73,aid
74,aidi
75,aidoc
76,ain
77,aion
78,aioz
79,air
80,ait
81,aka
82,akita
83,akro
84,albt
85,alcx
86,ald
87,aleph
88,alex
89,alf
90,ali
91,alice
92,alk
93,aloha
94,alp
95,alpa
96,alpaca
97,alpha
98,alt
99,altbear
100,altbull
101,alts
102,ama
103,amas
104,amb
105,amc
106,ame
107,ami
108,amis
109,amlt
110,amm
111,amn
112,amo
113,amp
114,ampl
115,amz
116,anc
117,ang
118,angel
119,angle
120,ank
121,ankr
122,anm
123,anml
124,anom
125,anon
126,ant
127,ants
128,anv
129,any
130,aoa
131,ape
132,aped
133,apex
134,api3
135,apm
136,apn
137,apo
138,appc
139,apple
140,apr
141,apt
142,apw
143,apx
144,apy
145,apys
146,aqt
147,aqu
148,aqua
149,ara
150,araw
151,arb
152,arc
153,arch
154,arcona
155,arcx
156,arena
157,ares
158,argo
159,ari
160,ark
161,armor
162,arnx
163,aro
164,arpa
165,art
166,arte
167,arteq
168,arth
169,artic
170,artx
171,artx
172,arx
173,asap
174,asc
175,asg
176,ash
177,asko
178,asm
179,asr
180,ast
181,asto
182,astr
183,astro
184,asw
185,at
186,atc
187,atd
188,ath
189,atis
190,atls
191,atm
192,atri
193,ats
194,att
195,attr
196,auc
197,audio
198,aura
199,aurora
200,auscm
201,auto
202,aux
203,avg
204,avinoc
205,avl
206,avo
207,avt
208,awc
209,axel
210,axi
211,axiav3
212,axis
213,axl
214,axn
215,axpr
216,axs
217,axus
218,az
219,azuki
220,azum
221,adam
222,afin
223,alita
224,apex
225,argo
226,arb
227,ark
228,atp
229,auction
230,b-80bal-20weth
231,b20
232,b21
233,b2m
234,baas
235,bab
236,baba
237,babl
238,babydoge
239,babyshiba
240,bac
241,bacon
242,badger
243,bae
244,baepay
245,bag
246,bags
247,bal
248,bali
249,bana
250,banana
251,banca
252,band
253,bank
254,banketh
255,bao
256,bar
257,bart
258,bas
259,base
260,bask
261,bat
262,bax
263,bb
264,bbank
265,bbc
266,bbh
267,bbi
268,bbk
269,bbl
270,bbo
271,bbt
272,bbtc
273,bc
274,bcash
275,bcat
276,bcc
277,bcd
278,bcdn
279,bcdt
280,bchbear
281,bchbull
282,bchip
283,bcio
284,bcl
285,bcmc
286,bcnt
287,bcp
288,bcpt
289,bcs
290,bct
291,bcube
292,bcug
293,bdc
294,bdg
295,bdi
296,bdo
297,bdoge
298,bdp
299,bdt
300,bdx
301,bdy
302,bean
303,beans
304,bear
305,bearshit
306,bec
307,bed
308,bee
309,befx
310,bel
311,bell
312,bend
313,bep
314,bepro
315,berry
316,best
317,bet
318,beta
319,bether
320,bezoge
321,bf
322,bfc
323,bfi
324,bfly
325,bfr
326,bg
327,bgan
328,bhc
329,bhig
330,bic
331,bico
332,bid
333,bigo
334,bins
335,binu
336,bio
337,bios
338,bird
339,bit
340,bitb
341,bitc
342,bite
343,bito
344,bits
345,bitt
346,bitto
347,bitx
348,bix
349,bixb
350,bkc
351,bks
352,black
353,blank
354,blast
355,bles
356,bli
357,blink
358,bln
359,bloc
360,block
361,blocks
362,blood
363,bls
364,blst
365,blt
366,blu
367,blue
368,blxm
369,blz
370,blzn
371,bm
372,bmax
373,bmc
374,bmex
375,bmf
376,bmi
377,bmt
378,bnb
379,bnc
380,bnd
381,bnf
382,bni
383,bnk
384,bnpl
385,bns
386,bnsd
387,bnt
388,bnty
389,boa
390,bob
391,boba
392,boc
393,bolt
394,bomb
395,bond
396,bondly
397,bone
398,bones
399,boo
400,bool
401,boost
402,boot
403,booty
404,bor
405,bora
406,boring
407,boson
408,bot
409,botto
410,bouts
411,box
412,bp
413,bplc
414,bpm
415,bpro
416,bpt
417,bptn
418,brc
419,brd
420,brdg
421,bree
422,breed
423,brg
424,bribe
425,bridge
426,bright
427,brn
428,brrr
429,brt
430,brz
431,bsc
432,bsd
433,bsds
434,bsgg
435,bsh
436,bsn
437,bspt
438,bst
439,bstn
440,bsts
441,bsvbear
442,bsvbull
443,bt
444,btc
445,btc++
446,btc2x-fli
447,btcb
448,btcm
449,btcone
450,btcp
451,btcr
452,btcv
453,btcx
454,btcu
455,bte
456,btf
457,bth
458,btl
459,btm
460,btmc
461,btnt
462,bto
463,btp
464,btr
465,btrfly
466,btrm
467,btrn
468,btrst
469,btse
470,btsg
471,btt
472,btu
473,btv
474,btx
475,build
476,bulk
477,bull
478,bullshit
479,bump
480,bund
481,bunny
482,burn
483,burp
484,busd
485,but
486,bvl
487,bwc
488,bwt
489,bxa
490,byn
491,byte
492,bzn
493,bzr
494,bzrx
495,bzz
496,babydoge
497,babyxrp
498,bee
499,bend
500,berry
501,bifi
502,bitant
503,bx
504,c3
505,c98
506,cabin
507,caf
508,cag
509,call
510,can
511,candy
512,cap
513,capp
514,caps
515,capt
516,card
517,cards
518,carrot
519,cart
520,cas
521,cash
522,cast
523,cat
524,cate
525,catt
526,cave
527,caw
528,cbt
529,cbx
530,cc
531,ccc
532,ccn
533,cct
534,ccx
535,cdex
536,cdl
537,cdt
538,ceek
539,cel
540,celc
541,cell
542,celo
543,celr
544,cennz
545,cere
546,cet
547,ceth
548,cfc
549,cfi
550,cft
551,cfti
552,cfi
553,cgg
554,cgt
555,chads
556,chain
557,chaos
558,charge
559,chart
560,che
561,cheese
562,cheq
563,chi
564,chihua
565,chips
566,chiz
567,chl
568,chp
569,chr
570,chsb
571,cht
572,chx
573,chz
574,cic
575,cig
576,citizen
577,city
578,cjt
579,cla
580,claw
581,clg
582,cliff
583,cliq
584,clk
585,clm
586,clny
587,clo
588,cls
589,clt
590,clv
591,cmc
592,cmct
593,cmn
594,cmp
595,cms
596,cmt
597,cnb
598,cnc
599,cnd
600,cng
601,cnn
602,cnns
603,cnt
604,cntr
605,cnv
606,cnw
607,cnx
608,co2
609,cob
610,coc
611,coco
612,cocos
613,code
614,cofi
615,coi
616,coil
617,coin
618,col
619,cola
620,com
621,comb
622,combo
623,comfi
624,comp
625,conv
626,cook
627,cool
628,cope
629,cor
630,cora
631,cord
632,core
633,corgi
634,corn
635,cos
636,cot
637,coti
638,cou
639,court
640,cov
641,cova
642,cover
643,covn
644,cow
645,cp
646,cpay
647,cpc
648,cpd
649,cpr
650,cps
651,cpt
652,cqt
653,craft
654,crb
655,crc
656,crd
657,crdc
658,cre
659,cream
660,cred
661,credi
662,credit
663,creds
664,creth2
665,crf
666,crfi
667,cri
668,cric
669,crl
670,crm
671,cro
672,crop
673,crown
674,crpt
675,crs
676,crt
677,crts
678,cru
679,crv
680,crwny
681,crx
682,cs
683,csc
684,csi
685,csm
686,cso
687,csr
688,cst
689,cstr
690,cswap
691,ctask
692,ctc
693,ctcn
694,ctr
695,ctsi
696,ctx
697,ctxc
698,cty
699,ctzn
700,cub
701,cube
702,cubo
703,cudos
704,cult
705,cup
706,curry
707,cusd
708,cusdt
709,cut
710,cute
711,cva
712,cvc
713,cvnt
714,cvp
715,cvr
716,cvt
717,cvx
718,cwap
719,cws
720,cwv
721,cxo
722,cybr
723,cyc
724,cyfi
725,cyfm
726,cymt
727,candy
728,cell
729,char
730,che
731,cofi
732,coshi
733,comb
734,coredao
735,coval
736,d
737,d2d
738,dab
739,dac
740,dacc
741,dafi
742,dag
743,dai
744,dal
745,dam
746,dama
747,damm
748,dandy
749,dao
750,dapp
751,dappt
752,dappx
753,daps
754,dar
755,dark
756,dart
757,data
758,datp
759,datx
760,dav
761,dawg
762,dax
763,db
764,dbd
765,dbet
766,dbl
767,dbnb
768,dbx
769,dc
770,dca
771,dcash
772,dcb
773,dchf
774,dcnt
775,dct
776,dd
777,ddd
778,dddd
779,ddim
780,ddos
781,ddx
782,deb
783,dec
784,deem
785,deep
786,defi++
787,defi+l
788,defi+s
789,defit
790,defo
791,defx
792,degen
793,dego
794,delta
795,dent
796,dep
797,depay
798,depo
799,derc
800,deri
801,des
802,deus
803,dev
804,devt
805,dex
806,dexa
807,dexe
808,dext
809,dextf
810,degg
811,df
812,dfa
813,dfd
814,dfi
815,dfl
816,dfnd
817,dfp2
818,dfs
819,dft
820,dfx
821,dfy
822,dfyn
823,dg
824,dga
825,dgd
826,dgld
827,dgs
828,dgtx
829,dgvc
830,dgx
831,dhc
832,dhg
833,dht
834,dhx
835,dia
836,did
837,die
838,difx
839,dig
840,digg
841,dili
842,dino
843,dinu
844,dip
845,dis
846,distx
847,dit
848,diver
849,dk
850,dkn
851,dlp
852,dlt
853,dlta
854,dmg
855,dml
856,dmod
857,dmt
858,dmtr
859,dna
860,dnd
861,dnl
862,dnt
863,dnxc
864,dobe
865,dock
866,dodo
867,doe
868,dog
869,dogdefi
870,doge
871,dogefi
872,dogus
873,dogy
874,doi
875,doki
876,dola
877,dom
878,don
879,dona
880,donut
881,door
882,dop
883,dor
884,dora
885,dos
886,dose
887,dot
888,dough
889,dov
890,dows
891,dpet
892,dpi
893,dpl
894,dpr
895,dpt
896,dpx
897,drc
898,drct
899,dream
900,dreams
901,drep
902,drf
903,drgn
904,drip
905,drk
906,drt
907,ds
908,dsc
909,dsd
910,dsla
911,dsp
912,dst
913,dsu
914,dt
915,dta
916,dto
917,dtube
918,dtx
919,dubi
920,duck
921,ducker
922,dude
923,dusd
924,dusk
925,dust
926,dvd
927,dvf
928,dvi
929,dvp
930,dvt
931,dx
932,dxc
933,dxd
934,dxo
935,dxs
936,dxt
937,dxy
938,dydx
939,dyna
940,dynmt
941,dyp
942,dyt
943,dzar
944,dapp
945,daruma
946,dogefi
947,dogmoon
948,eai
949,earth
950,ease
951,eat
952,ebox
953,ecash
954,echt
955,ecio
956,ecn
957,eco
958,ecox
959,ecp
960,ect
961,ecto
962,ecu
963,edc
964,eden
965,edg
966,edge
967,edi
968,edn
969,edoge
970,edr
971,efi
972,eft
973,egame
974,egg
975,ego
976,egold
977,egt
978,ejs
979,eko
980,el
981,ele
982,elec
983,elena
984,elf
985,elite
986,elon
987,elt
988,eltcoin
989,elv
990,ely
991,elongd
992,em
993,emb
994,embr
995,emo
996,emon
997,emrx
998,emt
999,eng
1000,enj
1001,enq
1002,ens
1003,entr
1004,ents
1005,enx
1006,eos
1007,eosbear
1008,eosbull
1009,eosc
1010,epan
1011,epic
1012,epik
1013,epx
1014,eqx
1015,era
1016,ern
1017,erp
1018,err
1019,ert
1020,es
1021,esc
1022,esd
1023,esg
1024,esh
1025,esp
1026,ess
1027,est
1028,esw
1029,et
1030,eta
1031,etb
1032,eth
1033,eth2.0
1034,eth2socks
1035,eth2x-fli
1036,etha
1037,ethbear
1038,ethbn
1039,ethbnt
1040,ethbull
1041,ethf
1042,ethmaxy
1043,ethpad
1044,eths
1045,ethv
1046,ethw
1047,ethy
1048,ethys
1049,etit
1050,etl
1051,etos
1052,etp
1053,ets
1054,ett
1055,eubc
1056,eul
1057,euroc
1058,eurs
1059,eurt
1060,eva
1061,evape
1062,evc
1063,evd
1064,eve
1065,evm
1066,evn
1067,evo
1068,evx
1069,exc
1070,exg
1071,exmr
1072,exn
1073,exnt
1074,exo
1075,exod
1076,exrn
1077,eye
1078,ez
1079,ezx
1080,epic
1081,evil
1082,f9
1083,fab
1084,face
1085,factr
1086,fai
1087,fair
1088,faith
1089,fame
1090,fan
1091,fanc
1092,fans
1093,fanz
1094,farm
1095,fas
1096,fast
1097,fbl
1098,fbn
1099,fbt
1100,fc
1101,fcb
1102,fcc
1103,fcd
1104,fcf
1105,fch
1106,fcl
1107,fct
1108,fdm
1109,fdt
1110,fdz
1111,fear
1112,feg
1113,fei
1114,fen
1115,fer
1116,fera
1117,fet
1118,fex
1119,ff
1120,fgc
1121,fiat
1122,fic
1123,fid
1124,fidu
1125,film
1126,fin
1127,fire
1128,first
1129,fis
1130,fish
1131,fit
1132,fkx
1133,fl
1134,flash
1135,flc
1136,fleta
1137,flex
1138,flip
1139,flixx
1140,float
1141,floki
1142,floor
1143,flot
1144,flow
1145,flp
1146,flurry
1147,flux
1148,flx
1149,fly
1150,flz
1151,fly
1152,fmc
1153,fmg
1154,fmta
1155,fnc
1156,fnd
1157,fnk
1158,fnt
1159,foam
1160,fodl
1161,foge
1162,foho
1163,fol
1164,fold
1165,folo
1166,fomo
1167,for
1168,forex
1169,form
1170,fort
1171,forth
1172,fota
1173,foto
1174,four
1175,fox
1176,foxt
1177,foxy
1178,fpis
1179,frax
1180,free
1181,freedom
1182,fren
1183,fries
1184,frm
1185,frmx
1186,frog
1187,front
1188,frr
1189,frt
1190,fs
1191,fsc
1192,fsn
1193,fst
1194,fsw
1195,ft
1196,ftc
1197,fti
1198,ftm
1199,ftr
1200,ftt
1201,ftx
1202,ftxt
1203,fud
1204,fuel
1205,fuji
1206,fun
1207,fund
1208,fuse
1209,fvt
1210,fwb
1211,fwt
1212,fx
1213,fxf
1214,fxs
1215,fxt
1216,fyp
1217,fyz
1218,fine
1219,fire
1220,gaia
1221,gains
1222,gal
1223,gala
1224,galaxy
1225,gali
1226,gals
1227,game
1228,gamer
1229,gamma
1230,gar
1231,gard
1232,gari
1233,gas
1234,gat
1235,gba
1236,gbpt
1237,gbr
1238,gbx
1239,gc
1240,gcn
1241,gcr
1242,gct
1243,gdao
1244,gde
1245,gdo
1246,gdr
1247,gdrt
1248,gdt
1249,gear
1250,gec
1251,geeq
1252,gel
1253,gem
1254,gems
1255,gen
1256,genart
1257,gene
1258,geo
1259,ges
1260,get
1261,gf
1262,gfarm2
1263,gfi
1264,gfn
1265,gft
1266,gfx
1267,ggm
1268,ggtk
1269,ghost
1270,ghst
1271,gif
1272,gift
1273,gig
1274,giga
1275,gil
1276,giv
1277,gla
1278,glc
1279,glch
1280,gld
1281,gldy
1282,glm
1283,glo
1284,glox
1285,glq
1286,glyph
1287,gm
1288,gmat
1289,gmb
1290,gmc
1291,gmd
1292,gme
1293,gmee
1294,gmi
1295,gmpd
1296,gmr
1297,gms
1298,gmt
1299,gmv
1300,gmx
1301,gn
1302,gnc
1303,gno
1304,gnp
1305,gnt
1306,gnx
1307,go
1308,goal
1309,goat
1310,gob
1311,god
1312,gods
1313,godz
1314,gof
1315,gog
1316,gol
1317,gold
1318,gom
1319,goo
1320,gosh
1321,got
1322,gov
1323,govi
1324,gp
1325,gpunks20
1326,gq
1327,gr
1328,grain
1329,gram
1330,grav
1331,grc
1332,green
1333,grg
1334,grid
1335,gro
1336,grok
1337,grs
1338,grt
1339,grx
1340,gs
1341,gsc
1342,gse
1343,gsk
1344,gst
1345,gst2
1346,gstar
1347,gswap
1348,gt
1349,gtc
1350,gth
1351,gto
1352,gtx
1353,guard
1354,guild
1355,gum
1356,gunthy
1357,gusd
1358,gvt
1359,gxc
1360,gyen
1361,gysr
1362,gaia
1363,game
1364,gene
1365,got
1366,goo
1367,h2o
1368,hac
1369,hai
1370,haka
1371,hakka
1372,ham
1373,handy
1374,hapi
1375,hart
1376,hash
1377,hat
1378,hatch
1379,haus
1380,havy
1381,hay
1382,hbo
1383,hbot
1384,hbt
1385,hbtc
1386,hc
1387,hdao
1388,hdg
1389,hdl
1390,hdrn
1391,heal
1392,heart
1393,hec
1394,hedg
1395,hegic
1396,hello
1397,her
1398,herb
1399,hero
1400,heth
1401,hex
1402,hey
1403,hez
1404,hft
1405,hget
1406,hi
1407,hid
1408,high
1409,hina
1410,hint
1411,hippo
1412,hit
1413,hld
1414,hlp
1415,hltc
1416,hmc
1417,hmq
1418,hnd
1419,hny
1420,hodl
1421,hoge
1422,hokk
1423,holy
1424,hoo
1425,hoodie
1426,hop
1427,hope
1428,hopr
1429,hord
1430,hot
1431,hound
1432,hpb
1433,hqt
1434,hqx
1435,hrd
1436,hst
1437,ht
1438,htb
1439,htre
1440,htt
1441,htz
1442,hub
1443,hum
1444,hunt
1445,hur
1446,husd
1447,husky
1448,husl
1449,hvn
1450,hvt
1451,hxro
1452,hxy
1453,hyd
1454,hydro
1455,hyp
1456,hype
1457,hyve
1458,hdp.Ñ„
1459,hermes
1460,honey
1461,iag
1462,ibtc
1463,iby
1464,icap
1465,icc
1466,ice
1467,ichi
1468,icn
1469,icnq
1470,icx
1471,icy
1472,id
1473,idea
1474,idex
1475,idh
1476,idle
1477,idm
1478,ido
1479,idrt
1480,ids
1481,idt
1482,idv
1483,ifex
1484,ig
1485,igg
1486,ihf
1487,iht
1488,ilv
1489,imc
1490,imp
1491,impactxp
1492,impulse
1493,imt
1494,imx
1495,incx
1496,ind
1497,index
1498,indi
1499,infi
1500,info
1501,inft
1502,ing
1503,inj
1504,ink
1505,inn
1506,innbc
1507,innbcl
1508,ins
1509,inst
1510,instar
1511,insur
1512,insure
1513,int
1514,inu
1515,inv
1516,invox
1517,inxt
1518,ioi
1519,ionc
1520,ionx
1521,iost
1522,iotx
1523,iov
1524,ipl
1525,ipm
1526,ipt
1527,iq
1528,iqn
1529,iron
1530,isla
1531,island
1532,iso
1533,isp
1534,itc
1535,itgr
1536,its
1537,ivc
1538,ivn
1539,ixs
1540,ixt
1541,iza
1542,izi
1543,jack
1544,jade
1545,jar
1546,jbx
1547,jcc
1548,jcr
1549,jdi
1550,jed
1551,jejudoge
1552,jelly
1553,jem
1554,jfin
1555,jgn
1556,jic
1557,jindoge
1558,job
1559,joke
1560,jot
1561,joy
1562,jpeg
1563,jpegs
1564,jpg
1565,jpyc
1566,jrt
1567,js
1568,juice
1569,julien
1570,jungle
1571,jup
1572,justice
1573,k21
1574,kabosu
1575,kae
1576,kai
1577,kaiju
1578,kally
1579,kan
1580,kangal
1581,kappa
1582,karma
1583,kat
1584,kata
1585,katana
1586,kau
1587,kbtc
1588,kcal
1589,kcash
1590,kcs
1591,kct
1592,kdag
1593,keep
1594,kek
1595,kel
1596,kerman
1597,kex
1598,key
1599,kfc
1600,kfi
1601,kft
1602,kgc
1603,kgt
1604,kick
1605,kif
1606,kik
1607,kim
1608,kimchi
1609,kin
1610,kind
1611,kine
1612,king
1613,kishiburno
1614,kishu
1615,kit
1616,kko
1617,klee
1618,klt
1619,kltr
1620,kmt
1621,kmx
1622,knc
1623,knight
1624,knt
1625,koda
1626,koji
1627,koko
1628,kol
1629,kombat
1630,komet
1631,kon
1632,kono
1633,kp3r
1634,kp4r
1635,krl
1636,kro
1637,krs
1638,krz
1639,kst
1640,ktlyo
1641,ktn
1642,kton
1643,ktt
1644,kty
1645,kuma
1646,kvt
1647,kwatt
1648,kyl
1649,kyoko
1650,kitty dinger
1651,l2
1652,l3p
1653,la
1654,labs
1655,lace
1656,ladz
1657,laika
1658,lamb
1659,land
1660,lar
1661,latx
1662,lava
1663,layer
1664,lba
1665,lbc
1666,lbp
1667,lbt
1668,lc
1669,lcc
1670,lcd
1671,lcr
1672,lcs
1673,lcx
1674,ldfi
1675,ldn
1676,ldo
1677,ldx
1678,lead
1679,leaf
1680,leag
1681,leap
1682,leash
1683,led
1684,ledu
1685,leek
1686,leg
1687,lemo
1688,lend
1689,leo
1690,let
1691,letsgo
1692,lev
1693,lever
1694,lfg
1695,lft
1696,lgcy
1697,lgo
1698,lhc
1699,libertas
1700,lien
1701,lif
1702,life
1703,light
1704,like
1705,lime
1706,limit
1707,lina
1708,link
1709,linkbear
1710,linkbull
1711,lion
1712,liq
1713,list
1714,lit
1715,lite
1716,lith
1717,live
1718,lix
1719,lkr
1720,llg
1721,lmr
1722,lmt
1723,lmy
1724,lnc
1725,lnd
1726,lobi
1727,loc
1728,locg
1729,lock
1730,loka
1731,lol
1732,lon
1733,looks
1734,loom
1735,loomi
1736,loon
1737,loot
1738,lord
1739,lords
1740,lost
1741,loto
1742,lotto
1743,lov
1744,love
1745,lox
1746,lpl
1747,lpool
1748,lpt
1749,lqd
1750,lqty
1751,lrc
1752,lss
1753,lst
1754,lsv
1755,ltb
1756,ltcbear
1757,ltcbull
1758,lte
1759,ltg
1760,lto
1761,ltx
1762,lua
1763,luc
1764,lucky
1765,lud
1766,luffy
1767,lulz
1768,lun
1769,luna
1770,lunc
1771,lusd
1772,lux
1773,lvl
1774,lvn
1775,lxt
1776,lym
1777,lynk
1778,lyra
1779,lyxe
1780,love
1781,m
1782,mac
1783,mad
1784,mag
1785,magic
1786,maha
1787,mai
1788,man
1789,mana
1790,many
1791,map
1792,maps
1793,mark
1794,mars
1795,mars4
1796,marsh
1797,maru
1798,mas
1799,mash
1800,mask
1801,mask20
1802,masq
1803,mat
1804,math
1805,matic
1806,matrix
1807,matter
1808,max
1809,mb
1810,mbbt
1811,mbc
1812,mbl
1813,mbn
1814,mbt
1815,mc
1816,mcap
1817,mcat20
1818,mcb
1819,mcc
1820,mchc
1821,mco
1822,mcx
1823,mda
1824,mdao
1825,mdc
1826,mdf
1827,mdr
1828,mds
1829,mdt
1830,mdx
1831,medibit
1832,mee
1833,meeb
1834,meer
1835,meet
1836,mega
1837,mel
1838,melt
1839,mem
1840,meme
1841,meme20
1842,meow
1843,merge
1844,meri
1845,mesh
1846,met
1847,meta
1848,meth
1849,metm
1850,metric
1851,mex
1852,mf
1853,mff
1854,mfg
1855,mfi
1856,mft
1857,mftu
1858,mfx
1859,mg
1860,mgc
1861,mgn
1862,mgo
1863,mgt
1864,mgx
1865,mht
1866,mia
1867,mib
1868,mic
1869,midbull
1870,milk
1871,milk2
1872,milo
1873,mim
1874,mimo
1875,min
1876,minds
1877,mini
1878,minibabydoge
1879,mint
1880,mintys
1881,mir
1882,mis
1883,mit
1884,mith
1885,mitx
1886,mix
1887,mkp
1888,mkr
1889,mkt
1890,ml
1891,mld
1892,mln
1893,mlp
1894,mlt
1895,mm
1896,mmc
1897,mms
1898,mne
1899,mnet
1900,mnft
1901,mnr
1902,mnst
1903,mnt
1904,mntp
1905,mnw
1906,moar
1907,moc
1908,moca
1909,mochi
1910,mod
1911,moda
1912,modex
1913,mogx
1914,mol
1915,moma
1916,momat
1917,momo
1918,mona
1919,mongoose
1920,monke
1921,mono
1922,moo
1923,moon
1924,mooncat
1925,mooney
1926,moons
1927,mor
1928,more
1929,mork
1930,mot
1931,motg
1932,mov
1933,move
1934,moz
1935,mozox
1936,mp
1937,mp3
1938,mpay
1939,mph
1940,mpl
1941,mpt
1942,mrc
1943,mrch
1944,mrs
1945,msb
1946,msc
1947,msg
1948,msp
1949,mst
1950,mt
1951,mta
1952,mtc
1953,mth
1954,mthd
1955,mtl
1956,mtlx
1957,mto
1958,mts
1959,mtv
1960,mtx
1961,multi
1962,munch
1963,muse
1964,musk
1965,must
1966,mute
1967,mvi
1968,mvl
1969,mvp
1970,mvrs
1971,mwg
1972,mwt
1973,mx
1974,mxc
1975,mxm
1976,mxx
1977,myb
1978,myc
1979,myobu
1980,myst
1981,myt
1982,myth
1983,myv
1984,mark
1985,mars
1986,merit
1987,meta
1988,metis
1989,mofi
1990,musk
1991,nac
1992,naka
1993,name
1994,nami
1995,nao
1996,naos
1997,nap
1998,nas
1999,nasa
2000,nash
2001,nation
2002,naut
2003,navi
2004,nb
2005,nbc
2006,nbl
2007,nbt
2008,nc
2009,ncc
2010,ncr
2011,nct
2012,ndr
2013,ndx
2014,near
2015,nebo
2016,neeo
2017,ness
2018,nest
2019,net
2020,neu
2021,new
2022,newb
2023,newinu
2024,newo
2025,news
2026,nex
2027,nexo
2028,next
2029,nfd
2030,nft
2031,nfta
2032,nftc
2033,nfti
2034,nftl
2035,nftm
2036,nftp
2037,nfts
2038,nftt
2039,nftx
2040,nfty
2041,nfts
2042,nfy
2043,ngc
2044,ngl
2045,nhct
2046,nht
2047,nif
2048,nifty
2049,nii
2050,niifi
2051,nika
2052,nil
2053,nim
2054,niox
2055,nkn
2056,nlc
2057,nmr
2058,nms
2059,nmt
2060,noah
2061,node
2062,noia
2063,noku
2064,nord
2065,nos
2066,note
2067,nova
2068,now
2069,npx
2070,npxs
2071,nrch
2072,nrg
2073,nrt
2074,nst
2075,ntb
2076,ntk
2077,ntvrk
2078,ntx
2079,nu
2080,nuls
2081,nusd
2082,nuts
2083,nux
2084,nvt
2085,nwc
2086,nxm
2087,nyan
2088,nyan-2
2089,nym
2090,nifty
2091,nsure
2092,o
2093,o3
2094,oas
2095,oath
2096,oax
2097,obot
2098,obtc
2099,obx
2100,occ
2101,oce
2102,ocean
2103,ocn
2104,oct
2105,octo
2106,oddz
2107,odin
2108,og
2109,ogn
2110,ogo
2111,ogt
2112,ogv
2113,ohm
2114,oil
2115,oin
2116,okb
2117,ole
2118,olt
2119,om
2120,omega
2121,omg
2122,omi
2123,omt
2124,onc
2125,ondo
2126,one
2127,ong
2128,oni
2129,onigiri
2130,ons
2131,onston
2132,onx
2133,ooe
2134,ooki
2135,op
2136,opa
2137,opct
2138,open
2139,opium
2140,ops
2141,opt
2142,opul
2143,orai
2144,orb
2145,orbs
2146,orc
2147,orca
2148,ore
2149,ori
2150,orion
2151,orme
2152,orn
2153,oro
2154,orox
2155,ort
2156,os
2157,osc
2158,osea
2159,osm
2160,osmo
2161,ost
2162,othr
2163,ousd
2164,ovl
2165,ovo
2166,ovr
2167,owl
2168,own
2169,owo
2170,oxt
2171,oxy
2172,okinami
2173,omega
2174,oracle
2175,p2ps
2176,pact
2177,pad
2178,page
2179,pai
2180,paid
2181,paint
2182,pal
2183,pamp
2184,pan
2185,panda
2186,panther
2187,paper
2188,par
2189,parma
2190,pass
2191,pat
2192,path
2193,paxg
2194,pay
2195,payt
2196,pbl
2197,pbr
2198,pbtt
2199,pbx
2200,pc
2201,pcl
2202,pcnt
2203,pdex
2204,pdi
2205,pdt
2206,pdx
2207,peak
2208,pebble
2209,pel
2210,pendle
2211,people
2212,pepe
2213,pera
2214,perc
2215,peri
2216,perl
2217,perp
2218,perx
2219,pet
2220,petal
2221,peth
2222,pfi
2223,pgpay
2224,pha
2225,phcr
2226,phi
2227,phm
2228,phnx
2229,phonon
2230,phoon
2231,photon
2232,pht
2233,phtr
2234,phunk
2235,phx
2236,phy
2237,pib
2238,picipo
2239,pickle
2240,pie
2241,piggy
2242,pika
2243,pin
2244,pink
2245,pint
2246,pipt
2247,pirate
2248,pis
2249,pitch
2250,pix
2251,pixel
2252,pixl
2253,pixls
2254,pizza
2255,pkex
2256,pkf
2257,pkg
2258,pkn
2259,pkt
2260,pla
2261,plat
2262,play
2263,plbt
2264,plc
2265,pld
2266,pln
2267,plot
2268,plr
2269,pls
2270,plt
2271,plu
2272,plug
2273,plx
2274,ply
2275,pma
2276,pmc
2277,pmlg
2278,pmon
2279,pn
2280,png
2281,pnk
2282,pnl
2283,pnode
2284,pnt
2285,poc
2286,pod
2287,poe
2288,pok
2289,pol
2290,polar
2291,polc
2292,poli
2293,polk
2294,poll
2295,pols
2296,poly
2297,pond
2298,poo
2299,poodl
2300,pool
2301,poolz
2302,pop
2303,pop!
2304,portal
2305,pos
2306,poss
2307,pow
2308,power
2309,powr
2310,ppay
2311,ppc
2312,ppdex
2313,ppi
2314,ppp
2315,ppr
2316,pps
2317,ppt
2318,prare
2319,pray
2320,pre
2321,premia
2322,primate
2323,prime
2324,prints
2325,prl
2326,prm
2327,pro
2328,prom
2329,props
2330,pros
2331,prot
2332,prp
2333,prps
2334,prq
2335,prs
2336,prt
2337,prxy
2338,pryz
2339,psc
2340,psdn
2341,psi
2342,psp
2343,pst
2344,pstake
2345,pswap
2346,psy
2347,ptf
2348,pti
2349,ptoy
2350,ptt
2351,puff
2352,pun
2353,pundix
2354,punk
2355,punks
2356,pup
2357,pusd
2358,push
2359,pussy
2360,put
2361,pvp
2362,pxc
2363,pxg
2364,pxl
2365,pxt
2366,pyd
2367,pyn
2368,pyr
2369,pyro
2370,pi
2371,primate
2372,ptt
2373,pupdoge
2374,qanx
2375,qash
2376,qatar
2377,qbt
2378,qch
2379,qcx
2380,qdt
2381,qdx
2382,qkc
2383,qlt
2384,qm
2385,qmall
2386,qnt
2387,qob
2388,qom
2389,qqq
2390,qrdo
2391,qrx
2392,qsp
2393,qtc
2394,qtum
2395,qua
2396,quad
2397,quartz
2398,qube
2399,quick
2400,quin
2401,qwla
2402,quroz
2403,r34p
2404,rac
2405,raca
2406,rad
2407,radar
2408,radr
2409,rae
2410,rag
2411,rage
2412,rai
2413,raid
2414,rail
2415,rain
2416,raini
2417,raise
2418,rak
2419,ram
2420,ramen
2421,ramp
2422,rare
2423,rari
2424,rats
2425,rave
2426,raw
2427,ray
2428,raze
2429,razor
2430,rbc
2431,rblx
2432,rbn
2433,rbtc
2434,rc
2435,rcn
2436,rdn
2437,rdr
2438,rdt
2439,rdx
2440,read
2441,real
2442,realm
2443,reap
2444,rebl
2445,reef
2446,ref
2447,refi
2448,reflex
2449,rei
2450,rel
2451,reli
2452,rem
2453,remi
2454,ren
2455,rep
2456,req
2457,res
2458,ret
2459,rev
2460,revv
2461,rew
2462,rfi
2463,rfox
2464,rfr
2465,rft
2466,rfx
2467,rfuel
2468,rgold
2469,rgt
2470,rho
2471,rht
2472,ri
2473,rib
2474,rice
2475,rich
2476,ride
2477,ridge
2478,rigel
2479,ring
2480,rio
2481,riot
2482,rise
2483,rkt
2484,rlc
2485,rly
2486,rmt
2487,rnb
2488,rnbw
2489,rnd
2490,rndr
2491,rnt
2492,rntb
2493,robot
2494,roc
2495,rock
2496,rocks
2497,rogan
2498,rogue
2499,roo
2500,roobee
2501,rook
2502,room
2503,root
2504,rose
2505,rot
2506,route
2507,rox
2508,roya
2509,royal
2510,rpl
2511,rptc
2512,rr
2513,rsc
2514,rsr
2515,rss3
2516,rst
2517,rsv
2518,rtc
2519,rte
2520,rtk
2521,ruby
2522,ruff
2523,rug
2524,ruler
2525,rune
2526,rush
2527,rvf
2528,rvl
2529,rvlt
2530,rvp
2531,rvst
2532,rvt
2533,rws
2534,rxt
2535,ryoshi
2536,rai
2537,ramen
2538,rating
2539,rockstar
2540,s4f
2541,sac
2542,safe
2543,safedoge
2544,safle
2545,sai
2546,saitama
2547,saito
2548,sak3
2549,sake
2550,sale
2551,salt
2552,sam
2553,san
2554,sana
2555,sand
2556,sanshu
2557,sarco
2558,sashimi
2559,sat
2560,sata
2561,satt
2562,satx
2563,sav3
2564,save
2565,sax
2566,sbf
2567,sbr
2568,sbt
2569,sbtc
2570,scan
2571,scar
2572,scb
2573,scc
2574,sch
2575,scha
2576,scifi
2577,scl
2578,sco
2579,scr
2580,scrap
2581,scratch
2582,sct
2583,sctk
2584,scx
2585,sd
2586,sdao
2587,sdc
2588,sdl
2589,sdog
2590,sds
2591,sdt
2592,sdx
2593,seco
2594,seed
2595,seeds
2596,seen
2597,sefi
2598,sen
2599,senate
2600,senc
2601,sense
2602,sent
2603,set
2604,seth
2605,sets
2606,sex
2607,sf
2608,sfd
2609,sfg
2610,sfi
2611,sfm
2612,sfo
2613,sfp
2614,sft
2615,sfu
2616,sg
2617,sge
2618,sgg
2619,sgnl
2620,sgt
2621,sh
2622,shake
2623,shard
2624,share
2625,shares
2626,shark
2627,shd
2628,she
2629,sheep
2630,sheesh
2631,sheesha
2632,sher
2633,shft
2634,shi
2635,shib
2636,shibaken
2637,shibarmy
2638,shih
2639,shill
2640,shiny
2641,ship
2642,shit
2643,shkooby
2644,shl
2645,sho
2646,shoe
2647,shop
2648,shopx
2649,shping
2650,shr
2651,shrm
2652,shroom
2653,si
2654,sidus
2655,sig
2656,sign
2657,sil
2658,silk
2659,sim
2660,simba
2661,simp
2662,singh
2663,sinu
2664,sipher
2665,sis
2666,skey
2667,skin
2668,skl
2669,skm
2670,skp
2671,skrp
2672,skrt
2673,skt
2674,skull
2675,slb
2676,slc
2677,sld
2678,slice
2679,slim
2680,sloth
2681,slp
2682,sls
2683,slt
2684,smac
2685,smart
2686,smartcredit
2687,smax
2688,smc
2689,smd
2690,sme
2691,smile
2692,sml
2693,smol
2694,smsct
2695,smt
2696,smty
2697,snb
2698,snc
2699,snft
2700,sngls
2701,snk
2702,snm
2703,snov
2704,snow
2705,snp
2706,snt
2707,sntr
2708,sntvt
2709,snx
2710,so
2711,soc
2712,society
2713,socks
2714,sofi
2715,sol
2716,sola
2717,solid
2718,solr
2719,solve
2720,son
2721,song
2722,sop
2723,sos
2724,sota
2725,soul
2726,sound
2727,sov
2728,sox
2729,spa
2730,space
2731,spank
2732,sparta
2733,spc
2734,spd
2735,spdr
2736,spec
2737,spell
2738,sph
2739,sphri
2740,sphtx
2741,spice
2742,spin
2743,spn
2744,spo
2745,spore
2746,spork
2747,spr
2748,spring
2749,sprt
2750,sps
2751,spt
2752,spume
2753,spwn
2754,spx
2755,spy
2756,sqgl
2757,sqr
2758,squawk
2759,squid
2760,srg
2761,srk
2762,srm
2763,srn
2764,srnt
2765,srt
2766,ssd
2767,ssf
2768,ssn
2769,ssp
2770,sss
2771,sst
2772,ssv
2773,st
2774,sta
2775,stack
2776,stacy
2777,stak
2778,stake
2779,star
2780,stardust
2781,starl
2782,stars
2783,starx
2784,state
2785,stay
2786,stbz
2787,stc
2788,std
2789,steel
2790,step
2791,stf
2792,stg
2793,stilton
2794,stimmy
2795,stk
2796,stmx
2797,stn
2798,stnd
2799,stop
2800,storj
2801,storm
2802,stos
2803,stp
2804,stpt
2805,stq
2806,str
2807,stream
2808,strk
2809,strm
2810,strngr
2811,strong
2812,strp
2813,strx
2814,stt
2815,stu
2816,stv
2817,stx
2818,stz
2819,sub
2820,sudo
2821,suku
2822,sunc
2823,sup
2824,super
2825,superbid
2826,sur
2827,sure
2828,surf
2829,sushi
2830,svd
2831,sw
2832,swag
2833,swap
2834,swash
2835,swc
2836,sweat
2837,sweep
2838,swfl
2839,swftc
2840,swing
2841,swise
2842,swiv
2843,swl
2844,swm
2845,swp
2846,swrv
2847,swt
2848,sx
2849,sxdt
2850,sxp
2851,sxs
2852,syc
2853,sylo
2854,sym
2855,symm
2856,syn
2857,sync
2858,synr
2859,safemoon
2860,safu
2861,seed
2862,seele
2863,shards
2864,share
2865,shell
2866,shibmerican
2867,shiryo-inu
2868,silo
2869,skey
2870,smart
2871,spark
2872,starship
2873,sunder
2874,suter
2875,t
2876,tab
2877,taco
2878,tad
2879,tai
2880,take
2881,talk
2882,tama
2883,tan
2884,tango
2885,tap
2886,tara
2887,tau
2888,taur
2889,tax
2890,tbe
2891,tbl
2892,tbtc
2893,tbx
2894,tc
2895,tcap
2896,tcash
2897,tcat
2898,tch
2899,tco
2900,tcoin
2901,tcp
2902,tcr
2903,tdf
2904,tdp
2905,tds
2906,tdx
2907,tea
2908,team
2909,tech
2910,tel
2911,tele
2912,temp
2913,temple
2914,ten
2915,tend
2916,tft
2917,tgame
2918,tgt
2919,thales
2920,thc
2921,theta
2922,thor
2923,tht
2924,thug
2925,tic
2926,tidal
2927,tiger
2928,time
2929,tinu
2930,tip
2931,tipsy
2932,titan
2933,tits
2934,tking
2935,tkn
2936,tknfy
2937,tkp
2938,tkx
2939,tlm
2940,tlos
2941,tmc
2942,tmn
2943,tmt
2944,tnb
2945,tnr
2946,tns
2947,tnt
2948,tok
2949,toke
2950,toko
2951,tol
2952,tom
2953,tomo
2954,tomoe
2955,ton
2956,tone
2957,top
2958,tor
2959,torg
2960,torn
2961,tos
2962,toshi
2963,totm
2964,toto
2965,tower
2966,toz
2967,tpt
2968,tra
2969,trac
2970,trace
2971,trade
2972,trat
2973,travel
2974,trb
2975,trc
2976,treat
2977,tri
2978,trias
2979,trib
2980,tribe
2981,trio
2982,trl
2983,trnd
2984,tro
2985,trst
2986,trtl
2987,tru
2988,true
2989,trust
2990,trvl
2991,trx
2992,trxc
2993,try
2994,tryb
2995,tsa
2996,tsd
2997,tshp
2998,tt
2999,ttc
3000,ttn
3001,ttt
3002,tune
3003,tup
3004,tusd
3005,tvk
3006,tvnt
3007,tvt
3008,twin
3009,two
3010,twt
3011,txa
3012,txl
3013,txt
3014,type
3015,tyt
3016,taki
3017,the
3018,titan
3019,ton
3020,uat
3021,ubex
3022,ubi
3023,ubq
3024,ubt
3025,ucash
3026,ucn
3027,uct
3028,udo
3029,udt
3030,ufi
3031,ufo
3032,ufr
3033,uft
3034,ugt
3035,uip
3036,ukg
3037,ult
3038,ultra
3039,ulu
3040,uma
3041,umad
3042,umb
3043,umi
3044,umx
3045,unc
3046,uncl
3047,uncx
3048,unfi
3049,uni
3050,unic
3051,unidx
3052,uniq
3053,unistake
3054,unity
3055,uniw
3056,unix
3057,unm
3058,unn
3059,uno
3060,unp
3061,unq
3062,unqt
3063,unt
3064,unv
3065,uos
3066,up
3067,upi
3068,upp
3069,ups
3070,upt
3071,upx
3072,uqc
3073,urac
3074,urqa
3075,urus
3076,usacoin
3077,usd
3078,usdb
3079,usdc
3080,usdf
3081,usdg
3082,usdi
3083,usdk
3084,usdm
3085,usdn
3086,usdp
3087,usdr
3088,usdt
3089,usdv
3090,usdx
3091,usdf
3092,usdx
3093,use
3094,usf
3095,ust
3096,ustc
3097,usx
3098,utk
3099,uto
3100,utu
3101,uuu
3102,uwl
3103,unifi
3104,uwu
3105,v
3106,vab
3107,vader
3108,vai
3109,val
3110,valor
3111,value
3112,van
3113,vap
3114,vbtc
3115,vee
3116,vega
3117,vemp
3118,ven
3119,vent
3120,vera
3121,veri
3122,verse
3123,vest
3124,veth
3125,vgx
3126,vi
3127,vib
3128,vibe
3129,vic
3130,vid
3131,vidt
3132,vidy
3133,vidya
3134,vin
3135,virtue
3136,vision
3137,visr
3138,vit
3139,vita
3140,vite
3141,vix
3142,vls
3143,vlt
3144,vlx
3145,vnl
3146,vnt
3147,voice
3148,vol
3149,volt
3150,vox
3151,vpad
3152,vpp
3153,vr
3154,vra
3155,vrc
3156,vrn
3157,vrt
3158,vsf
3159,vshare
3160,vsl
3161,vsn
3162,vsp
3163,vst
3164,vt
3165,vts
3166,vtx
3167,vusd
3168,vx
3169,vxv
3170,wagmi
3171,waif
3172,wampl
3173,wan
3174,war
3175,warp
3176,wasabi
3177,water
3178,waves
3179,waxe
3180,wbnb
3181,wbt
3182,wbtc
3183,wchi
3184,wck
3185,wet
3186,weth
3187,wever
3188,wflow
3189,wg0
3190,wgc
3191,wglmr
3192,wgmi
3193,whale
3194,whey
3195,white
3196,wild
3197,win
3198,wing
3199,wings
3200,wis
3201,wise
3202,wish
3203,wit
3204,witch
3205,wiz
3206,wizard
3207,wm
3208,wmatic
3209,wmt
3210,wncg
3211,wndr
3212,wolf
3213,woo
3214,woofy
3215,wool
3216,work
3217,world
3218,worm
3219,wow
3220,wows
3221,wozx
3222,wpp
3223,wpr
3224,wpt
3225,wqt
3226,wrap
3227,wrc
3228,wrld
3229,wsb
3230,wscrt
3231,wst
3232,wt
3233,wtc
3234,wtf
3235,wtn
3236,wton
3237,wtr
3238,wtt
3239,wxrp
3240,wxt
3241,wabi
3242,wallphy
3243,world
3244,x
3245,x2y2
3246,x8x
3247,xac
3248,xag
3249,xai
3250,xamp
3251,xaut
3252,xava
3253,xbe
3254,xbp
3255,xbt
3256,xcad
3257,xcc
3258,xch
3259,xcn
3260,xct
3261,xcur
3262,xcz
3263,xdao
3264,xdata
3265,xdefi
3266,xdex
3267,xed
3268,xen
3269,xend
3270,xep
3271,xfi
3272,xfit
3273,xfl
3274,xft
3275,xgp
3276,xgro
3277,xht
3278,xi
3279,xil
3280,xin
3281,xio
3282,xiot
3283,xiv
3284,xki
3285,xlab
3286,xmc
3287,xmon
3288,xmt
3289,xmx
3290,xnl
3291,xns
3292,xor
3293,xov
3294,xp
3295,xpc
3296,xpd
3297,xpn
3298,xpr
3299,xqc
3300,xrpbear
3301,xrpbull
3302,xrpc
3303,xrt
3304,xrune
3305,xrx
3306,xsgd
3307,xsp
3308,xst
3309,xtk
3310,xtm
3311,xtp
3312,xuc
3313,xusd
3314,xx
3315,xy
3316,xyo
3317,xyz
3318,yae
3319,yam
3320,yamv2
3321,yaxis
3322,yay
3323,ydf
3324,yea
3325,year
3326,yee
3327,yel
3328,yeld
3329,yeti
3330,yfbt
3331,yfd
3332,yfdot
3333,yfdt
3334,yfe
3335,yff
3336,yffi
3337,yffii
3338,yffs
3339,yfi
3340,yfii
3341,yfiig
3342,yfiii
3343,yfix
3344,yfl
3345,yfn
3346,yfos
3347,yfox
3348,yfx
3349,ygg
3350,yield
3351,yin
3352,yla
3353,ylab
3354,ylc
3355,yld
3356,yldy
3357,yop
3358,yot
3359,you
3360,youc
3361,yoyow
3362,ypie
3363,ysec
3364,ytn
3365,yugi
3366,yup
3367,yf-dai
3368,yfild
3369,z
3370,zap
3371,zb
3372,zcn
3373,zco
3374,zcx
3375,zdex
3376,zedxion
3377,zee
3378,zefu
3379,zen
3380,zeon
3381,zero
3382,zht
3383,zig
3384,zil
3385,zip
3386,zipt
3387,ziti
3388,zix
3389,zks
3390,zlp
3391,zmn
3392,znt
3393,zombie
3394,zoo
3395,zoot
3396,zora
3397,zpae
3398,zpay
3399,zro
3400,zrx
3401,zsc
3402,zum
3403,zurr
3404,zut
3405,zxc
3406,zyro
3407,zyx
3408,aaave
3409,aammusdc
3410,aammweth
3411,abal
3412,abat
3413,abusd
3414,acrv
3415,adai
3416,aenj
3417,aens
3418,aeth
3419,aethc
3420,agusd
3421,aknc
3422,alink
3423,amana
3424,amkr
3425,arai
3426,asnx
3427,asteth
3428,asusd
3429,atusd
3430,auni
3431,ausdc
3432,ausdt
3433,awbtc
3434,aweth
3435,axsushi
3436,ayfi
3437,azrx
3438,ageur
3439,ai
3440,aleth
3441,alusd
3442,arnxm
3443,arte
3444,aurabal
3445,balpha
3446,bbadger
3447,bdigg
3448,beth
3449,buni
3450,busdt
3451,bb-a-usd
3452,bean
3453,btz
3454,buidl
3455,cbat
3456,cbsn
3457,cbtc
3458,ccomp
3459,cdai
3460,ceth
3461,clink
3462,cuni
3463,cusd
3464,cusdc
3465,cusdt
3466,cv
3467,cwbtc
3468,czrx
3469,cash
3470,cbeth
3471,cns
3472,crvfrax
3473,crvrenwsbtc
3474,cvxcrv
3475,dkuma
3476,dzar
3477,edoge
3478,emtrg
3479,emax
3480,equad
3481,ersdl
3482,exrd
3483,eosdac
3484,erowan
3485,fish
3486,gdai
3487,geth
3488,gf
3489,gohm
3490,gusdc
3491,gif
3492,gm
3493,graviaura
3494,i7
3495,ibtc
3496,idai
3497,ieth
3498,iethv
3499,ifarm
3500,ifund
3501,iown
3502,iusdc
3503,iwbtc
3504,izi
3505,ibbtc
3506,ibeth
3507,ibeur
3508,ibgbp
3509,iceth
3510,idledaisafe
3511,idledaiyield
3512,idlesusdyield
3513,idleusdcyield
3514,imbtc
3515,jeur
3516,jw
3517,kdai
3518,kmpl
3519,kseed
3520,kusd
3521,kitty
3522,lusd
3523,land
3524,lxt
3525,mbonk
3526,mbtc
3527,meth
3528,musd
3529,muso
3530,madai
3531,mdc
3532,minishib
3533,ncash
3534,neth
3535,obtc
3536,osqth
3537,pbtc
3538,pbtc35a
3539,pdai
3540,peth
3541,rdpx
3542,reth
3543,reth2
3544,rhegic2
3545,renbch
3546,renbtc
3547,rendoge
3548,renfil
3549,renzec
3550,sbtc
3551,seth
3552,seth2
3553,seur
3554,silv
3555,som
3556,srune
3557,strx
3558,susd
3559,sdcrv
3560,share
3561,shi
3562,sil
3563,st-ycrv
3564,steth
3565,stmatic
3566,sti
3567,stkabpt
3568,stkatom
3569,stkxprt
3570,swusd
3571,t
3572,udai
3573,udoki
3574,udoo
3575,ugotchi
3576,ujenny
3577,upunk
3578,usd
3579,vbch
3580,vbnt
3581,veth
3582,vusd
3583,vusdc
3584,vusdt
3585,wanatha
3586,wbind
3587,wbnb
3588,wbond
3589,wcfg
3590,wliti
3591,wnxm
3592,womi
3593,wsienna
3594,wxtz
3595,web3
3596,wsteth
3597,xbtc
3598,xcc
3599,xdai
3600,xdg
3601,xdna
3602,xfund
3603,xgm
3604,xlon
3605,xsushi
3606,xusd
3607,ycrv
3608,yrise
3609,yusd
3610,yvboost
3611,zlot
3612,zusd
3613,ziot
